{"loss": NaN, "_timestamp": 1721015521.740049, "_runtime": 1.0953478813171387, "_step": 29, "_wandb": {"runtime": 0}}