{"loss": 30.595762252807617, "_timestamp": 1721015508.049172, "_runtime": 0.8454329967498779, "_step": 2, "_wandb": {"runtime": 0}}