{"loss": NaN, "_timestamp": 1721015329.947117, "_runtime": 1.4843060970306396, "_step": 2, "_wandb": {"runtime": 0}}