{"loss": 3.864802122116089, "_timestamp": 1721015571.6635258, "_runtime": 1.0691099166870117, "_step": 29, "_wandb": {"runtime": 0}}