{"loss": NaN, "_timestamp": 1721015394.698817, "_runtime": 1.1551311016082764, "_step": 2, "_wandb": {"runtime": 0}}