{"loss": 3.8156375885009766, "_timestamp": 1721015586.796087, "_runtime": 0.8634331226348877, "_step": 29, "_wandb": {"runtime": 0}}